{
  "system": [
    "gui.css",
    "gui.frag.html",
    "gui.js",
    "kernel.js",
    "fileTable.json",
    "settings.json",
    "desktopBG.png",
    "system12px.woff2",
    "Font License.txt",
    "menuShortcuts.json",
    {
      "icons": [
        "document.json",
        "folder.json",
        "deleteIndicator.json"
      ]
    }
  ],
  "programs": [
    {
      "default": [
        "files.html",
        "doug.html",
        "youTubeFilter.html",
        "notepad.html",
        "imageViewer.html",
        "calculator.html",
        "tetrJS.html",
        "mBO.html",
        "appStore.html",
        "browser.html",
        "settings.html"
      ]
    }
  ],
  "documents": [
    "message.txt",
    "meme.png"
  ]
}